{
  "kitchen": {
    "problems": 5,
    "goals_avg": 3.0,
    "landmarks_avg": 2.6666666666666665,
    "observations": {
      "10": {
        "uniqueness": {
          "time": {
            "0": 0.495,
            "10": 0.495,
            "20": 0.485,
            "30": 0.485
          },
          "accuracy": {
            "0": 100.0,
            "10": 100.0,
            "20": 100.0,
            "30": 100.0
          }
        },
        "goalcompletion": {
          "time": {
            "0": 0.47,
            "10": 0.44999999999999996,
            "20": 0.47,
            "30": 0.46499999999999997
          },
          "accuracy": {
            "0": 100.0,
            "10": 100.0,
            "20": 100.0,
            "30": 100.0
          }
        },
        "observations_avg": 0.4
      },
      "30": {
        "uniqueness": {
          "time": {
            "0": 0.545,
            "10": 0.505,
            "20": 0.515,
            "30": 0.48
          },
          "accuracy": {
            "0": 100.0,
            "10": 100.0,
            "20": 100.0,
            "30": 100.0
          }
        },
        "goalcompletion": {
          "time": {
            "0": 0.495,
            "10": 0.48,
            "20": 0.52,
            "30": 0.54
          },
          "accuracy": {
            "0": 100.0,
            "10": 100.0,
            "20": 100.0,
            "30": 100.0
          }
        },
        "observations_avg": 1.0
      },
      "50": {
        "uniqueness": {
          "time": {
            "0": 0.5,
            "10": 0.495,
            "20": 0.625,
            "30": 0.54
          },
          "accuracy": {
            "0": 100.0,
            "10": 100.0,
            "20": 100.0,
            "30": 100.0
          }
        },
        "goalcompletion": {
          "time": {
            "0": 0.45499999999999996,
            "10": 0.515,
            "20": 0.95,
            "30": 0.525
          },
          "accuracy": {
            "0": 100.0,
            "10": 100.0,
            "20": 100.0,
            "30": 100.0
          }
        },
        "observations_avg": 0.4
      },
      "70": {
        "uniqueness": {
          "time": {
            "0": 0.525,
            "10": 0.53,
            "20": 0.485,
            "30": 0.475
          },
          "accuracy": {
            "0": 100.0,
            "10": 100.0,
            "20": 100.0,
            "30": 100.0
          }
        },
        "goalcompletion": {
          "time": {
            "0": 0.49,
            "10": 0.49,
            "20": 0.47,
            "30": 0.485
          },
          "accuracy": {
            "0": 100.0,
            "10": 100.0,
            "20": 100.0,
            "30": 100.0
          }
        },
        "observations_avg": 0.6
      },
      "100": {
        "uniqueness": {
          "time": {
            "0": 0.515,
            "10": 0.45999999999999996,
            "20": 0.485,
            "30": 0.53
          },
          "accuracy": {
            "0": 100.0,
            "10": 100.0,
            "20": 100.0,
            "30": 100.0
          }
        },
        "goalcompletion": {
          "time": {
            "0": 0.52,
            "10": 0.475,
            "20": 0.515,
            "30": 0.53
          },
          "accuracy": {
            "0": 100.0,
            "10": 100.0,
            "20": 100.0,
            "30": 100.0
          }
        },
        "observations_avg": 1.2
      }
    }
  }
}